{
  "førere":
  {
    "ricciardo": {
    "wins-2018": 2,
    "teams": ["Redbull", "Renault"],
    "current-team": "Renault",
    "championships": 0
  },
  "bottas": {
    "wins-2018": 0,
    "teams": ["Williams"],
    "current-team": "Williams",
    "championships": 0
  },
  "verstappen": {
    "wins-2018": 1,
    "teams": ["Redbull"],
    "current-team": "Redbull",
    "championships": 0
  },
  "hulkenberg": {
    "wins-2018": 0,
    "teams": ["Williams", "Force India", "Sauber", "Renault"],
    "current-team": "Renault",
    "championships": 0
  },
  "hamilton": {
    "wins-2018": 11,
    "teams": ["McLaren", "Mercedes"],
    "current-team": "Mercedes",
    "championships": 5
  },
  "perez": {
    "wins-2018": 0,
    "teams": ["Sauber", "McLaren", "Force India"],
    "current-team": "Force India",
    "championships": 0
  },
  "stroll": {
    "wins-2018": 0,
    "teams": ["Williams", "Force India"],
    "current-team": "Force India",
    "championships": 0
  },
  "leclerc": {
    "wins-2018": 0,
    "teams": ["Sauber", "Ferrari"],
    "current-team": "Ferrari",
    "championships": 0
  },
  "sainz": {
    "wins-2018": 0,
    "teams": ["Toro Rosso", "Renault", "McLaren"],
    "current-team": "McLaren",
    "championships": 0
  },
  "magnussen": {
    "wins-2018": 0,
    "teams": ["McLaren", "Renault", "Haas"],
    "current-team": "Haas",
    "championships": 0
  },
  "raikkonen": {
    "wins-2018": 1,
    "teams": ["Lotus", "Ferrari", "Sauber"],
    "current-team": "Sauber",
    "championships": 1
  },
  "kubica": {
    "wins-2018": 0,
    "teams": ["BMW-Sauber", "Renault", "Williams"],
    "current-team": "Williams",
    "championships": 0
  },
  "gasly": {
    "wins-2018": 0,
    "teams": ["Redbull", "Toro Rosso", "Redbull"],
    "current-team": "Redbull",
    "championships": 0
  },
  "vettel": {
    "wins-2018": 5,
    "teams": ["BMW Sauber", "Toro Rosso", "Redbull", "Ferrari"],
    "current-team": "Ferrari",
    "championships": 4
  },
  "grosjean": {
    "wins-2018": 0,
    "teams": ["Renault", "Lotus", "Haas"],
    "current-team": "Haas",
    "championships": 0
  },
  "giovinazzi": {
    "wins-2018": 0,
    "teams": ["Sauber"],
    "current-team": "Sauber",
    "championships": 0
  },
  "albon": {
    "wins-2018": 0,
    "teams": ["Toro Rosso"],
    "current-team": "Toro Rosso",
    "championships": 0
  },
  "kyvat": {
    "wins-2018": 0,
    "teams": ["Toro Rosso", "Redbull", "Toro Rosso"],
    "current-team": "Toro Rosso",
    "championships": 0
  },
  "russell": {
    "wins-2018": 0,
    "teams": ["Force India", "Williams"],
    "current-team": "Williams",
    "championships": 0
  },
  "norris": {
    "wins-2018": 0,
    "teams": ["McLaren"],
    "current-team": "McLaren",
    "championships": 0
  }
}
}
